<?xml version="1.0"?>
<!DOCTYPE suppressions PUBLIC
        "-//Puppy Crawl//DTD Suppressions 1.1//EN"
        "http://www.puppycrawl.com/dtds/suppressions_1_1.dtd">
<suppressions>
    <suppress checks="[a-zA-Z0-9]*" files="R.java" />
    <suppress checks="[a-zA-Z0-9]*" files="BuildConfig.java" />
    <suppress checks="[a-zA-Z0-9]*" files="Test" />
    <suppress checks="[a-zA-Z0-9]*" files="Dagger*" />
    <suppress checks="[a-zA-Z0-9]*" files=".*_.*Factory.java" />
    <suppress checks="[a-zA-Z0-9]*" files=".*ViewInjector.java" />
    <suppress checks="[a-zA-Z0-9]*" files=".*_MembersInjector.java" />
    <suppress checks="VisibilityModifierCheck" files=".*/model/.*.java" />

</suppressions>